county_name,cap_index,umax_units,units_A,binding_A,units_B,binding_B,units_C,capacity_uplift_flag,rho_sbm_bc,rho_sbm_ci_low,rho_sbm_ci_high,theta_ccr,mean_hfvs
Baringo,0.35,200,0.0,Not activated,100.0,National quota,0.0,False,0.49293593629966365,0.0022081008147458387,0.22056834177852302,0.76664244,-0.039343078701018226
Bomet,0.4329787234042553,200,200.0,Capacity,100.0,National quota,0.0,True,0.9263140148084311,0.0018982696882139723,0.14989871422498705,0.79103368,-0.07464230091703836
Bungoma,0.4691489361702127,205,205.0,Capacity,205.0,Capacity,308.0,True,1.0,0.001774964512053704,0.07015698654287444,1.0,-0.023210968616952918
Busia,0.47659574468085103,210,100.0,National quota,100.0,National quota,0.0,False,0.7936227073838449,0.02780081062766958,1.0,0.84408506,0.09560711687031809
Elgeyo-Marakwet,0.24361702127659574,200,0.0,Not activated,100.0,National quota,0.0,False,0.7780761948615285,0.0014373334673553186,0.14900535846912066,0.88624831,-0.04371756679327617
Embu,0.32127659574468087,200,200.0,Capacity,100.0,National quota,0.0,True,1.0,0.006799001442634716,0.10892523252827682,0.95496176,-0.04079940453140937
Garissa,0.3611702127659574,200,0.0,Not activated,100.0,National quota,0.0,False,1.0,0.0029953084706322002,0.2158963456939805,1.0,-0.3064969929604414
Homa Bay,0.4617021276595744,200,0.0,Not activated,100.0,National quota,0.0,False,0.6068840362888935,0.006958958297174318,0.2081705141182976,0.69512404,-0.041146784562934
Isiolo,0.17446808510638298,200,0.0,Not activated,100.0,National quota,0.0,False,0.7624207281971919,0.0038990908053903213,0.22362270904124895,0.91306849,-0.23301788404040027
Kajiado,0.6574468085106382,340,0.0,Not activated,100.0,National quota,0.0,False,0.2118797889727684,0.007421780861293272,0.3129888550920161,0.70573811,-0.23318457786055014
Kakamega,0.5101063829787233,232,232.0,Capacity,232.0,Capacity,348.0,True,0.8332030708190785,0.0013105003517994156,0.4324421247805948,0.82327794,0.12641085968844284
Kericho,0.3531914893617021,200,0.0,Not activated,100.0,National quota,0.0,False,0.8756055884954024,8.500705399825561e-08,0.14642417019867526,0.63983089,-0.10053518209558616
Kiambu,0.7627659574468085,200,200.0,Capacity,200.0,Capacity,300.0,True,1.0,0.002371296694670007,0.19717058247593847,1.0,-0.08809579393276237
Kilifi,0.5287234042553192,200,200.0,Capacity,100.0,National quota,0.0,True,0.8181719766172306,0.0036298972198070085,0.19450639335609124,0.6787647,-0.09473909535559052
Kirinyaga,0.39095744680851063,200,200.0,Capacity,100.0,National quota,0.0,True,1.0,0.004641522281658774,0.14657707833266148,0.97264703,-0.03344861223506404
Kisii,0.39095744680851063,200,0.0,Not activated,100.0,National quota,0.0,False,0.47257501811549263,0.0032097322960849646,0.23295013874999956,0.91021097,-0.10144112962006309
Kisumu,0.5101063829787233,232,232.0,Capacity,100.0,National quota,348.0,True,1.0,0.005206784932629884,0.14746752877431088,0.89297886,-0.08387579428884802
Kitui,0.31276595744680846,200,0.0,Not activated,100.0,National quota,0.0,False,0.5081737580319872,1.1616884732228591e-07,0.15576753568991772,0.75095552,0.055375853168760814
Kwale,0.39095744680851063,200,200.0,Capacity,100.0,National quota,0.0,True,0.8894595090627435,0.002308732961189776,0.13277342827911795,0.83457423,-0.025200943760602466
Laikipia,0.6457446808510638,261,261.0,Capacity,100.0,National quota,0.0,True,0.9626750889083914,0.0004706662278744238,0.11292186605075635,0.73581589,0.1155324308505058
Lamu,0.3425531914893617,200,0.0,Not activated,100.0,National quota,0.0,False,1.0,0.006286510914045204,0.2723070620748459,1.0,-0.06624913792151788
Machakos,0.7085106382978723,380,0.0,Not activated,100.0,National quota,0.0,False,0.7202584313638617,0.005086473278949904,0.294046885151125,0.67604324,-0.14436068115827247
Makueni,0.4095744680851064,200,0.0,Not activated,100.0,National quota,0.0,False,0.6229109967880454,0.004668384120763713,0.15427543310953531,0.7143994,0.11169202898476119
Mandera,0.15904255319148936,200,200.0,Capacity,100.0,National quota,0.0,True,1.0,0.00792938932163398,0.1717446311187853,0.83648504,-0.22943130354115773
Marsabit,0.22340425531914893,200,0.0,Not activated,100.0,National quota,0.0,False,0.3420677913285144,0.01807291588046088,1.0,0.61869018,-0.29552921677560423
Meru,0.43936170212765957,200,200.0,Capacity,100.0,National quota,300.0,True,0.9865643454574158,0.003097097716748898,0.1160831318063007,0.7472229,-0.12865591656817432
Migori,0.524468085106383,202,202.0,Capacity,100.0,National quota,303.0,True,1.0,0.0034135908612093883,0.07209281474034286,1.0,0.07517413918684547
Mombasa,0.9095744680851063,553,553.0,Capacity,508.0,National quota,830.0,True,1.0,0.003387972623435715,0.1286892099974925,0.79462944,0.09399381198631673
Murang'a,0.6414893617021276,328,0.0,Not activated,100.0,National quota,0.0,False,1e-06,0.9999848401925387,1.0,0.82460292,-0.07345439739072315
Nairobi,0.8382978723404255,490,490.0,Capacity,490.0,Capacity,735.0,True,1.0,0.002598590786641519,0.09335696623787357,1.0,0.1769794975380904
Nakuru,0.5563829787234041,265,265.0,Capacity,265.0,Capacity,398.0,True,0.995519358727289,0.006301654491686836,0.11917647759172383,0.78532023,0.03686429971357667
Nandi,0.4351063829787234,200,200.0,Capacity,100.0,National quota,300.0,True,1.0,0.009867022836593055,0.13154896596825794,0.83282396,0.07776938860955382
Narok,0.33723404255319145,200,200.0,Capacity,100.0,National quota,232.0,True,0.870363442164275,0.005218322684626933,0.13812013991966862,0.75816635,-0.0021165006739281636
Nyamira,0.35744680851063826,200,0.0,Not activated,100.0,National quota,0.0,False,0.34650287995774187,0.013579799902952591,0.3167674515482774,0.55086903,-0.026825598454177854
Nyandarua,0.502127659574468,227,227.0,Capacity,100.0,National quota,340.0,True,1.0,0.00697680791135282,0.12550523759074217,0.96120403,0.1236146906087834
Nyeri,0.5074468085106383,229,229.0,Capacity,100.0,National quota,344.0,True,1.0,0.006785678224538476,0.40620369491175456,1.0,0.032624589998090835
Samburu,0.2606382978723404,200,0.0,Not activated,100.0,National quota,0.0,False,0.49700408075120983,0.006223811350638621,0.21743495283374586,0.85624483,0.11706466448038158
Siaya,0.3276595744680851,200,200.0,Capacity,100.0,National quota,300.0,True,1.0,1.4556007855037893e-07,0.21586710680753915,0.93263841,0.15895926392298795
Taita-Taveta,0.21595744680851064,200,0.0,Not activated,100.0,National quota,0.0,False,0.7630111139099194,7.11401922620076e-08,0.10662040543752431,0.70908828,0.27685440412368356
Tana River,0.39095744680851063,200,0.0,Not activated,100.0,National quota,0.0,False,0.7659532674715473,0.004362546001970811,0.18709570770950407,0.75751308,-0.027469327706829277
Tharaka-Nithi,0.36489361702127654,200,200.0,Capacity,100.0,National quota,0.0,True,1.0,0.0025024004306928417,0.06227063443108208,1.0,-0.10061219546513146
Trans Nzoia,0.33085106382978724,200,200.0,Capacity,100.0,National quota,300.0,True,0.9609406909418906,0.007826642303146862,0.17353639751540217,0.83844949,0.05559630214781931
Turkana,0.5404255319148936,200,0.0,Not activated,100.0,National quota,0.0,False,0.7970793769136322,0.0028272425487946163,0.23750004561852686,0.98321648,-0.11218753464394778
Uasin Gishu,0.47553191489361696,209,209.0,Capacity,100.0,National quota,314.0,True,1.0,0.006035390150363782,0.17550482702865838,0.82699504,0.0764234975594234
Vihiga,0.3712765957446808,200,195.0,National quota,100.0,National quota,0.0,False,0.8814102234261105,0.0026430229157509847,0.2481669392437785,0.75410204,0.10864880196715894
Wajir,0.1595744680851064,200,0.0,Not activated,100.0,National quota,0.0,False,1.0,0.015389390782221929,1.0,1.0,-0.41117090563721875
West Pokot,0.275531914893617,200,0.0,Not activated,100.0,National quota,0.0,False,1e-06,0.9999726363733925,1.0,0.55044791,-0.12347040157551482
